StageLevel,Character,HealthPoint,High_min,High_max,Mid_min,Mid_max,Low_min,Low_max,Cards
1,1,100,10,13,10,13,10,13,3012120201
2,2,120,10,14,10,14,10,14,4102210021012
3,3,130,12,15,12,15,12,15,4120201210021
4,1,150,12,16,12,16,12,16,5010002100201120
5,2,150,14,17,14,17,14,17,5121101110211010
6,3,200,14,18,14,18,14,18,6.22022E+18
7,1,200,15,19,15,19,15,19,7.02011E+21
8,2,250,15,20,15,20,15,20,7.0222E+21
9,3,250,16,20,16,20,16,20,8.20222E+24
10,1,300,17,21,17,21,17,21,9.00102E+27
